BlockID,TreeID,FrameID,Xmin,Ymin,Xmax,Ymax
1997_49_87ha,T45417,1,499,362,731,609
1997_49_87ha,T45417,1,500,362,731,610
1997_49_87ha,T45417,1,499,362,730,610
1997_49_87ha,T45417,1,500,364,729,610
1997_49_87ha,T45417,1,501,366,727,608
1997_49_87ha,T45417,1,500,366,728,609
1997_49_87ha,T45417,1,500,366,729,611
1997_49_87ha,T45417,1,500,367,728,612
1997_49_87ha,T45417,1,500,368,729,613
1997_49_87ha,T45417,1,499,368,730,616
1997_49_87ha,T45417,1,500,368,730,617
1997_49_87ha,T45417,1,501,370,729,616
1997_49_87ha,T45417,1,502,371,728,615
1997_49_87ha,T45417,1,505,374,726,613
1997_49_87ha,T45417,1,504,375,726,613
1997_49_87ha,T45417,1,502,375,726,615
1997_49_87ha,T45417,1,501,376,726,616
1997_49_87ha,T45417,1,500,376,725,617
1997_49_87ha,T45417,1,501,377,724,615
1997_49_87ha,T45417,1,501,377,723,614
1997_49_87ha,T45417,1,503,379,722,610
1997_49_87ha,T45417,1,502,379,724,611
1997_49_87ha,T45417,1,498,377,726,616
1997_49_87ha,T45417,1,495,375,726,619
1997_49_87ha,T45417,1,495,375,725,620
1997_49_87ha,T45417,1,500,379,723,616
1997_49_87ha,T45417,1,500,382,723,615
1997_49_87ha,T45417,1,500,382,724,615
1997_49_87ha,T45417,1,498,383,725,616
1997_49_87ha,T45417,1,485,375,723,622
1997_49_87ha,T45417,1,480,371,721,624
1997_49_87ha,T45417,1,479,370,719,623
1997_49_87ha,T45417,1,479,369,718,622
1997_49_87ha,T45417,1,480,368,718,622
1997_49_87ha,T45417,1,480,367,718,623
1997_49_87ha,T45417,1,481,368,718,625
1997_49_87ha,T45417,1,481,369,717,626
1997_49_87ha,T45417,1,482,370,716,626
1997_49_87ha,T45417,1,483,371,715,627
1997_49_87ha,T45417,1,484,371,715,627
1997_49_87ha,T45417,1,484,371,715,628
1997_49_87ha,T45417,1,484,371,715,628
1997_49_87ha,T45417,1,484,371,715,629
1997_49_87ha,T45417,1,484,371,715,629
1997_49_87ha,T45417,1,484,370,715,629
1997_49_87ha,T45417,1,485,371,714,627
1997_49_87ha,T45417,1,486,372,714,627
1997_49_87ha,T45417,1,487,372,713,626
1997_49_87ha,T45417,1,487,372,712,625
1997_49_87ha,T45417,1,487,373,710,623
1997_49_87ha,T45417,1,487,373,709,622
1997_49_87ha,T45417,1,486,373,710,624
1997_49_87ha,T45417,1,484,374,711,626
1997_49_87ha,T45417,1,483,374,712,627
1997_49_87ha,T45417,1,483,374,712,627
1997_49_87ha,T45417,1,483,375,711,626
1997_49_87ha,T45417,1,482,375,710,626
1997_49_87ha,T45417,1,481,373,712,627
1997_49_87ha,T45417,1,480,371,711,626
1997_49_87ha,T45417,1,477,370,713,629
1997_49_87ha,T45417,1,477,370,711,627
1997_49_87ha,T45417,1,473,369,711,629
1997_49_87ha,T45417,1,470,366,714,631
1997_49_87ha,T45417,1,469,369,710,629
1997_49_87ha,T45417,1,466,369,707,627
1997_49_87ha,T45417,1,465,371,705,627
1997_49_87ha,T45417,1,461,371,703,628
1997_49_87ha,T45417,1,459,372,700,627
1997_49_87ha,T45417,1,459,375,699,628
1997_49_87ha,T45417,1,458,375,697,626
1997_49_87ha,T45417,1,458,376,693,625
1997_49_87ha,T45417,1,459,377,693,626
1997_49_87ha,T45417,1,456,378,691,627
1997_49_87ha,T45417,1,455,378,692,630
1997_49_87ha,T45417,1,453,379,687,628
1997_49_87ha,T45417,1,452,379,685,627
1997_49_87ha,T45417,1,448,378,680,627
1997_49_87ha,T45417,1,445,376,679,629
1997_49_87ha,T45417,1,442,376,674,629
1997_49_87ha,T45417,1,437,374,671,631
1997_49_87ha,T45417,1,430,373,666,632
1997_49_87ha,T45417,1,428,375,660,631
1997_49_87ha,T45417,1,424,376,653,629
1997_49_87ha,T45417,1,420,379,644,627
1997_49_87ha,T45417,1,417,378,639,625
1997_49_87ha,T45417,1,416,379,635,624
1997_49_87ha,T45417,1,412,379,630,623
1997_49_87ha,T45417,1,408,379,626,624
1997_49_87ha,T45417,1,405,376,624,625
1997_49_87ha,T45417,1,402,375,623,628
1997_49_87ha,T45417,1,402,380,618,626
1997_49_87ha,T45417,1,392,377,610,629
1997_49_87ha,T45417,1,386,375,603,627
1997_49_87ha,T45417,1,382,378,595,627
1997_49_87ha,T45417,1,377,381,587,625
1997_49_87ha,T45417,1,373,383,580,624
1997_49_87ha,T45417,1,366,382,576,626
1997_49_87ha,T45417,1,361,383,568,624
1997_49_87ha,T45417,1,355,384,564,625
1997_49_87ha,T45417,1,351,385,560,625
1997_49_87ha,T45417,1,347,385,557,626
1997_49_87ha,T45417,1,342,385,552,626
1997_49_87ha,T45417,1,338,382,554,630
1997_49_87ha,T45417,1,337,386,546,626
1997_49_87ha,T45417,1,332,386,542,626
1997_49_87ha,T45417,1,330,386,538,625
1997_49_87ha,T45417,1,330,387,535,624
1997_49_87ha,T45417,1,328,388,532,626
1997_49_87ha,T45417,1,328,394,530,631
1997_49_87ha,T45417,1,327,392,527,627
1997_49_87ha,T45417,1,323,392,527,633
1997_49_87ha,T45417,1,320,393,519,626
1997_49_87ha,T45417,1,317,396,516,630
1997_49_87ha,T45417,1,314,399,510,629
1997_49_87ha,T45417,1,312,400,507,629
1997_49_87ha,T45417,1,303,399,499,631
1997_49_87ha,T45417,1,299,392,497,628
1997_49_87ha,T45417,1,299,390,494,626
1997_49_87ha,T45417,1,297,387,491,624
1997_49_87ha,T45417,1,296,387,487,623
1997_49_87ha,T45417,1,296,388,486,624
1997_49_87ha,T45417,1,293,385,485,626
1997_49_87ha,T45417,1,292,386,481,626
1997_49_87ha,T45417,1,290,385,480,628
1997_49_87ha,T45417,1,291,386,478,627
1997_49_87ha,T45417,1,292,388,474,623
1997_49_87ha,T45417,1,290,388,473,625
1997_49_87ha,T45417,1,283,390,472,636
1997_49_87ha,T45417,1,282,392,471,640
1997_49_87ha,T45417,1,280,393,467,639
1997_49_87ha,T45417,1,278,392,465,641
1997_49_87ha,T45417,1,276,392,463,643
1997_49_87ha,T45417,1,276,392,460,642
1997_49_87ha,T45417,1,276,393,460,642
1997_49_87ha,T45417,1,276,391,461,645
1997_49_87ha,T45417,1,279,392,463,645
1997_49_87ha,T45417,1,281,396,461,645
1997_49_87ha,T45417,1,287,398,461,642
1997_49_87ha,T45417,1,293,399,465,642
1997_49_87ha,T45417,1,295,400,468,644
1997_49_87ha,T45417,1,298,400,470,646
1997_49_87ha,T45417,1,301,401,470,645
1997_49_87ha,T45417,1,303,400,471,643
1997_49_87ha,T45417,1,307,403,469,638
1997_49_87ha,T45417,1,309,403,472,641
1997_49_87ha,T45417,1,312,404,474,639
1997_49_87ha,T45417,1,316,404,475,638
1997_49_87ha,T45417,1,318,406,476,638
1997_49_87ha,T45417,1,324,401,487,643
1997_49_87ha,T45417,1,331,405,490,640
1997_49_87ha,T45417,1,337,408,490,636
1997_49_87ha,T45417,1,344,414,492,633
1997_49_87ha,T45417,1,349,417,495,632
1997_49_87ha,T45417,1,354,418,500,634
1997_49_87ha,T45417,1,358,419,504,636
1997_49_87ha,T45417,1,362,415,511,636
1997_49_87ha,T45417,1,365,414,514,635
1997_49_87ha,T45417,1,369,413,516,634
1997_49_87ha,T45417,1,373,410,522,634
1997_49_87ha,T45417,1,377,410,526,634
1997_49_87ha,T45417,1,403,415,549,639
1997_49_87ha,T45417,1,408,419,554,644
1997_49_87ha,T45417,1,413,420,557,645
1997_49_87ha,T45417,1,416,421,560,648
1997_49_87ha,T45417,1,419,418,563,649
1997_49_87ha,T45417,1,423,418,565,647
1997_49_87ha,T45417,1,426,416,568,648
1997_49_87ha,T45417,1,429,417,570,647
1997_49_87ha,T45417,1,433,417,574,648
1997_49_87ha,T45417,1,441,417,580,645
1997_49_87ha,T45417,1,445,418,584,646
1997_49_87ha,T45417,1,454,424,588,645
1997_49_87ha,T45417,1,458,425,591,645
1997_49_87ha,T45417,1,470,430,603,650
1997_49_87ha,T45417,1,474,431,607,651
1997_49_87ha,T45417,1,493,435,620,646
1997_49_87ha,T45417,1,498,438,624,646
1997_49_87ha,T45417,1,502,439,628,646
1997_49_87ha,T45417,1,508,435,633,643
1997_49_87ha,T45417,1,511,433,636,640
1997_49_87ha,T45417,1,516,434,639,640
1997_49_87ha,T45417,1,569,441,691,646
1997_49_87ha,T45417,1,573,442,695,647
1997_49_87ha,T45417,3,1350,486,1453,656
1997_49_87ha,T45417,3,1350,488,1452,654
1997_49_87ha,T45417,3,1347,488,1451,656
1997_49_87ha,T45417,3,1343,485,1452,661
1997_49_87ha,T45417,3,1340,483,1452,664
1997_49_87ha,T45417,3,1345,486,1452,659
1997_49_87ha,T45417,3,1344,486,1451,659
1997_49_87ha,T45417,3,1340,482,1453,665
1997_49_87ha,T45417,3,1339,482,1453,666
1997_49_87ha,T45417,3,1336,479,1452,666
1997_49_87ha,T45417,3,1334,478,1454,669
1997_49_87ha,T45417,3,1335,479,1455,670
1997_49_87ha,T45417,3,1333,480,1453,669
1997_49_87ha,T45417,3,1332,479,1453,670
1997_49_87ha,T45417,3,1338,482,1453,663
1997_49_87ha,T45417,3,1339,483,1454,663
1997_49_87ha,T45417,3,1342,483,1455,661
1997_49_87ha,T45417,3,1343,485,1454,660
1997_49_87ha,T45417,3,1341,483,1455,662
1997_49_87ha,T45417,3,1342,482,1457,663
1997_49_87ha,T45417,3,1342,482,1457,663
1997_49_87ha,T45417,3,1345,485,1456,661
1997_49_87ha,T45417,3,1341,482,1457,665
1997_49_87ha,T45417,3,1344,483,1459,665
1997_49_87ha,T45417,3,1346,485,1461,666
1997_49_87ha,T45417,3,1347,485,1464,667
1997_49_87ha,T45417,3,1349,486,1464,666
1997_49_87ha,T45417,3,1350,486,1465,666
1997_49_87ha,T45417,3,1375,489,1499,680
1997_49_87ha,T45417,3,1375,486,1503,683
1997_49_87ha,T45417,3,1376,487,1504,682
1997_49_87ha,T45417,3,1377,488,1506,683
1997_49_87ha,T45417,3,1385,474,1520,686
1997_49_87ha,T45417,3,1386,473,1522,686
1997_49_87ha,T45417,3,1385,473,1518,686
1997_49_87ha,T45417,3,1385,473,1518,686
1997_49_87ha,T45417,3,1385,473,1519,686
1997_49_87ha,T45417,3,1389,464,1531,692
1997_49_87ha,T45417,3,1391,465,1529,690
1997_49_87ha,T45417,3,1391,465,1530,690
1997_49_87ha,T45417,3,1401,466,1535,686
1997_49_87ha,T45417,3,1401,466,1536,685
1997_49_87ha,T45417,3,1408,464,1543,684
1997_49_87ha,T45417,3,1409,463,1544,684
1997_49_87ha,T45417,3,1416,466,1548,681
1997_49_87ha,T45417,3,1416,464,1552,684
1997_49_87ha,T45417,3,1418,464,1553,684
1997_49_87ha,T45417,3,1431,467,1565,683
1997_49_87ha,T45417,3,1434,467,1567,680
1997_49_87ha,T45417,3,1436,468,1568,679
1997_49_87ha,T45417,3,1472,471,1604,681
1997_49_87ha,T45417,3,1474,469,1608,683
1997_49_87ha,T45417,3,1475,469,1608,682
1997_49_87ha,T45417,3,1478,469,1613,686
1997_49_87ha,T45417,3,1481,469,1616,687
1997_49_87ha,T45417,3,1485,468,1620,686
1997_49_87ha,T45417,3,1486,465,1626,692
1997_49_87ha,T45417,3,1490,466,1626,689
1997_49_87ha,T45417,3,1494,468,1629,687
1997_49_87ha,T45417,3,1497,468,1634,692
1997_49_87ha,T45417,3,1499,468,1636,689
1997_49_87ha,T45417,3,1502,469,1639,690
1997_49_87ha,T45417,3,1509,469,1643,683
1997_49_87ha,T45417,3,1512,469,1646,683
1997_49_87ha,T45417,3,1529,471,1673,690
1997_49_87ha,T45417,3,1531,472,1674,691
1997_49_87ha,T45417,3,1528,472,1674,688
1997_49_87ha,T45417,3,1526,472,1675,688
1997_49_87ha,T45417,3,1524,470,1676,688
1997_49_87ha,T45417,3,1523,471,1677,690
1997_49_87ha,T45417,3,1522,468,1681,691
1997_49_87ha,T45417,3,1523,468,1682,691
1997_49_87ha,T45417,3,1521,465,1682,688
1997_49_87ha,T45417,3,1522,465,1682,688
1997_49_87ha,T45417,3,1517,457,1688,696
1997_49_87ha,T45417,3,1515,454,1692,700
1997_49_87ha,T45417,3,1515,453,1693,701
1997_49_87ha,T45417,3,1519,456,1694,700
1997_49_87ha,T45417,3,1519,455,1696,701
1997_49_87ha,T45417,3,1568,467,1729,689
1997_49_87ha,T45417,3,1568,467,1731,690
1997_49_87ha,T45417,3,1571,467,1733,690
1997_49_87ha,T45417,5,1282,456,1510,714
1997_49_87ha,T45417,5,1275,453,1509,717
1997_49_87ha,T45417,5,1274,455,1508,719
1997_49_87ha,T45417,5,1271,454,1507,721
1997_49_87ha,T45417,5,1268,454,1502,719
1997_49_87ha,T45417,5,1266,452,1501,719
1997_49_87ha,T45417,5,1275,459,1499,716
1997_49_87ha,T45417,5,1282,460,1497,709
1997_49_87ha,T45417,5,1283,459,1495,708
1997_49_87ha,T45417,5,1283,460,1494,708
1997_49_87ha,T45417,5,1254,465,1456,709
1997_49_87ha,T45417,5,1251,466,1453,709
1997_49_87ha,T45417,5,1191,455,1387,707
1997_49_87ha,T45417,5,1189,454,1385,706
1997_49_87ha,T45417,5,1172,443,1383,720
1997_49_87ha,T45417,5,1180,447,1376,712
1997_49_87ha,T45417,5,1177,446,1374,712
1997_49_87ha,T45417,6,1404,458,1575,733
1997_49_87ha,T45417,6,1403,459,1576,738
1997_49_87ha,T45417,6,1406,463,1573,730
1997_49_87ha,T45417,6,1404,466,1568,730
1997_49_87ha,T45417,6,1397,469,1557,725
1997_49_87ha,T45417,6,1385,470,1542,722
1997_49_87ha,T45417,6,1368,472,1528,728
1997_49_87ha,T45417,6,1359,474,1515,725
1997_49_87ha,T45417,6,1350,476,1502,720
1997_49_87ha,T45417,6,1343,478,1494,719
1997_49_87ha,T45417,6,1329,479,1476,714
1997_49_87ha,T45417,6,1319,481,1463,711
1997_49_87ha,T45417,6,1311,482,1452,709
1997_49_87ha,T45417,6,1301,483,1440,704
1997_49_87ha,T45417,6,1287,482,1427,705
1997_49_87ha,T45417,6,1276,477,1416,701
1997_49_87ha,T45417,6,1262,475,1406,707
1997_49_87ha,T45417,6,1253,470,1400,710
1997_49_87ha,T45417,6,1250,477,1391,707
1997_49_87ha,T45417,6,1241,477,1381,706
1997_49_87ha,T45417,6,1227,485,1363,703
1997_49_87ha,T45417,6,1220,486,1354,703
1997_49_87ha,T45417,6,1219,484,1353,699
1997_49_87ha,T45417,6,1212,487,1351,708
1997_49_87ha,T45417,6,1211,491,1349,710
1997_49_87ha,T45417,6,1209,494,1345,709
1997_49_87ha,T45417,6,1203,496,1338,709
1997_49_87ha,T45417,8,1061,0,1233,177
1997_49_87ha,T45417,8,1059,0,1229,174
1997_49_87ha,T45417,8,1014,1,1183,175
1997_49_87ha,T45417,8,1007,2,1179,178
1997_49_87ha,T45417,8,1003,2,1175,178
1997_49_87ha,T45417,8,998,2,1170,178
1997_49_87ha,T45417,8,991,1,1168,182
1997_49_87ha,T45417,8,985,0,1155,174
1997_49_87ha,T45417,8,979,0,1147,171
1997_49_87ha,T45417,8,972,0,1142,173
1997_49_87ha,T45417,8,967,0,1136,171
1997_49_87ha,T45417,8,964,0,1131,170
1997_49_87ha,T45417,8,957,0,1124,169
1997_49_87ha,T45417,8,953,0,1117,164
1997_49_87ha,T45417,8,947,0,1111,161
1997_49_87ha,T45417,8,942,0,1104,160
1997_49_87ha,T45417,8,930,0,1100,165
1997_49_87ha,T45417,8,922,0,1085,156
1997_49_87ha,T45417,8,913,0,1081,159
1997_49_87ha,T45417,8,904,0,1077,161
1997_49_87ha,T45417,8,897,0,1075,165
1997_49_87ha,T45417,8,890,0,1067,163
1997_49_87ha,T45417,8,883,0,1065,169
1997_49_87ha,T45417,8,877,0,1059,168
1997_49_87ha,T45417,8,872,0,1051,164
1997_49_87ha,T45417,8,864,0,1043,164
1997_49_87ha,T45417,8,854,0,1033,165
1997_49_87ha,T45417,8,848,0,1027,165
1997_49_87ha,T45417,8,841,0,1020,165
1997_49_87ha,T45417,8,811,0,985,157
1997_49_87ha,T45417,8,801,0,981,159
1997_49_87ha,T45417,8,794,0,973,159
1997_49_87ha,T45417,8,787,0,975,166
1997_49_87ha,T45417,8,776,0,976,177
1997_49_87ha,T45417,8,767,0,976,185
1997_49_87ha,T45417,8,760,0,965,181
1997_49_87ha,T45417,8,752,0,961,185
1997_49_87ha,T45417,8,743,0,953,186
1997_49_87ha,T45417,8,735,0,947,187
1997_49_87ha,T45417,8,725,0,943,193
1997_49_87ha,T45417,8,713,0,941,202
1997_49_87ha,T45417,8,703,0,935,206
1997_49_87ha,T45417,8,698,0,931,208
1997_49_87ha,T45417,8,696,0,908,187
1997_49_87ha,T45417,8,690,0,897,181
1997_49_87ha,T45417,8,683,0,890,181
1997_49_87ha,T45417,8,672,0,887,189
1997_49_87ha,T45417,8,664,0,878,188
1997_49_87ha,T45417,8,660,0,863,179
1997_49_87ha,T45417,8,652,0,853,178
1997_49_87ha,T45417,8,644,0,852,184
1997_49_87ha,T45417,8,631,0,841,186
1997_49_87ha,T45417,8,626,0,828,176
1997_49_87ha,T45417,8,618,0,826,182
1997_49_87ha,T45417,8,610,0,818,182
1997_49_87ha,T45417,8,596,0,797,175
1997_49_87ha,T45417,8,589,0,793,176
1997_49_87ha,T45417,8,581,0,784,176
1997_49_87ha,T45417,8,573,0,776,175
1997_49_87ha,T45417,8,565,0,766,173
1997_49_87ha,T45417,8,554,0,761,179
1997_49_87ha,T45417,8,548,0,753,178
1997_49_87ha,T45417,8,540,0,749,181
1997_49_87ha,T45417,8,533,0,741,181
1997_49_87ha,T45417,8,519,0,730,182
1997_49_87ha,T45417,8,510,0,719,179
1997_49_87ha,T45417,8,499,0,723,192
1997_49_87ha,T45417,8,484,0,714,197
1997_49_87ha,T45417,8,482,0,700,186
1997_49_87ha,T45417,8,481,0,693,180
1997_49_87ha,T45417,8,469,0,686,182
1997_49_87ha,T45417,8,461,0,673,179
1997_49_87ha,T45417,8,452,0,658,175
1997_49_87ha,T45417,8,444,0,657,181
1997_49_87ha,T45417,8,437,0,652,181
1997_49_87ha,T45417,8,429,0,644,181
1997_49_87ha,T45417,8,386,0,588,171
1997_49_87ha,T45417,8,378,0,571,163
1997_49_87ha,T45417,8,363,0,560,166
1997_49_87ha,T45417,8,352,0,554,171
1997_49_87ha,T45417,8,347,0,541,166
1997_49_87ha,T45417,8,337,0,529,165
1997_49_87ha,T45417,8,325,2,517,165
1997_49_87ha,T45417,8,314,0,508,167
1997_49_87ha,T45417,8,301,0,494,164
1997_49_87ha,T45417,8,293,0,487,166
1997_49_87ha,T45417,8,288,1,482,168
1997_49_87ha,T45417,8,278,1,473,170
1997_49_87ha,T45417,8,268,0,464,170
1997_49_87ha,T45417,8,262,0,456,169
1997_49_87ha,T45417,8,255,0,449,170
1997_49_87ha,T45417,8,250,0,441,168
1997_49_87ha,T45417,8,246,0,437,169
1997_49_87ha,T45417,8,245,1,435,171
1997_49_87ha,T45417,8,241,1,433,173
1997_49_87ha,T45417,8,239,2,431,175
1997_49_87ha,T45417,8,238,3,423,170
1997_49_87ha,T45417,8,238,4,422,170
1997_49_87ha,T45657,1,426,250,679,620
1997_49_87ha,T45657,1,425,250,679,622
1997_49_87ha,T45657,1,424,251,679,622
1997_49_87ha,T45657,1,424,251,680,624
1997_49_87ha,T45657,1,425,251,679,622
1997_49_87ha,T45657,1,425,251,679,620
1997_49_87ha,T45657,1,426,251,679,620
1997_49_87ha,T45657,1,430,257,679,616
1997_49_87ha,T45657,1,431,258,679,616
1997_49_87ha,T45657,1,433,263,681,617
1997_49_87ha,T45657,1,434,264,681,617
1997_49_87ha,T45657,2,432,322,662,630
1997_49_87ha,T45657,2,434,321,668,635
1997_49_87ha,T45657,2,437,324,670,636
1997_49_87ha,T45657,2,440,324,672,636
1997_49_87ha,T45657,2,442,326,674,638
1997_49_87ha,T45657,2,445,328,676,638
1997_49_87ha,T45657,2,447,327,677,637
1997_49_87ha,T45657,2,455,335,677,635
1997_49_87ha,T45657,2,459,338,678,634
1997_49_87ha,T45657,2,461,339,680,634
1997_49_87ha,T45657,2,462,338,679,632
1997_49_87ha,T45657,2,464,339,682,637
1997_49_87ha,T45657,2,467,341,680,634
1997_49_87ha,T45657,2,468,338,684,636
1997_49_87ha,T45657,2,470,336,686,636
1997_49_87ha,T45657,2,472,337,688,636
1997_49_87ha,T45657,2,975,152,1147,385
1997_49_87ha,T45657,2,977,147,1150,382
1997_49_87ha,T45657,2,986,143,1159,377
1997_49_87ha,T45657,2,978,143,1151,380
1997_49_87ha,T45657,2,976,144,1148,380
1997_49_87ha,T45657,2,980,142,1152,378
1997_49_87ha,T45657,2,980,139,1151,373
1997_49_87ha,T45657,2,981,140,1151,373
1997_49_87ha,T45657,2,981,140,1151,374
1997_49_87ha,T45657,2,981,137,1150,370
1997_49_87ha,T45657,2,982,137,1148,365
1997_49_87ha,T45657,2,984,138,1148,363
1997_49_87ha,T45657,2,986,140,1148,362
1997_49_87ha,T45657,2,983,139,1148,363
1997_49_87ha,T45657,2,985,138,1150,360
1997_49_87ha,T45657,2,987,136,1150,356
1997_49_87ha,T45657,2,987,134,1151,353
1997_49_87ha,T45657,2,984,129,1150,351
1997_49_87ha,T45657,2,982,126,1150,353
1997_49_87ha,T45657,2,980,127,1152,357
1997_49_87ha,T45657,2,976,125,1152,359
1997_49_87ha,T45657,2,974,129,1149,360
1997_49_87ha,T45657,2,973,128,1146,356
1997_49_87ha,T45657,2,970,123,1146,354
1997_49_87ha,T45657,2,966,121,1144,353
1997_49_87ha,T45657,2,964,121,1141,349
1997_49_87ha,T45657,2,963,122,1138,344
1997_49_87ha,T45657,2,963,121,1136,342
1997_49_87ha,T45657,8,900,210,1208,646
1997_49_87ha,T45657,8,895,212,1199,644
1997_49_87ha,T45657,9,549,0,810,254
1997_49_87ha,T45657,8,895,212,1192,631
1997_49_87ha,T45657,9,542,0,804,255
1997_49_87ha,T45657,8,891,211,1185,625
1997_49_87ha,T45657,9,539,0,797,252
1997_49_87ha,T45657,8,888,212,1178,620
1997_49_87ha,T45657,9,531,0,790,251
1997_49_87ha,T45657,9,527,0,786,253
1997_49_87ha,T45657,9,524,0,786,256
1997_49_87ha,T45657,9,521,0,781,255
1997_49_87ha,T45657,9,525,0,777,247
1997_49_87ha,T45657,9,520,0,770,245
1997_49_87ha,T45657,9,511,0,764,248
1997_49_87ha,T45657,9,503,0,760,251
1997_49_87ha,T45657,9,502,0,755,249
1997_49_87ha,T45657,9,500,0,751,249
1997_49_87ha,T45657,9,502,0,750,249
1997_49_87ha,T45657,9,500,0,748,251
1997_49_87ha,T45657,9,499,0,745,249
1997_49_87ha,T45657,9,500,0,743,249
1997_49_87ha,T45657,9,500,0,740,247
1997_49_87ha,T45657,9,500,0,739,247
1997_49_87ha,T45657,9,497,0,738,251
1997_49_87ha,T45657,9,498,0,736,249
1997_49_87ha,T45657,9,499,0,735,249
1997_49_87ha,T45657,9,499,0,734,249
1997_49_87ha,T45657,9,499,0,733,248
1997_49_87ha,T45657,9,499,0,731,248
1997_49_87ha,T45657,9,501,0,734,249
1997_49_87ha,T45657,9,501,0,737,252
1997_49_87ha,T45657,9,503,0,739,252
1997_49_87ha,T45657,9,502,0,738,252
1997_49_87ha,T45657,9,506,0,743,254
1997_49_87ha,T45657,9,506,0,746,256
1997_49_87ha,T45657,9,512,0,752,257
1997_49_87ha,T45657,9,518,0,758,259
1997_49_87ha,T45657,9,520,0,763,263
1997_49_87ha,T45657,9,525,0,766,262
1997_49_87ha,T45657,9,523,0,766,265
1997_49_87ha,T45657,9,524,0,768,266
1997_49_87ha,T45657,9,524,0,770,268
1997_49_87ha,T45657,9,525,0,772,269
1997_49_87ha,T45657,11,744,69,991,247
1997_49_87ha,T45657,11,746,67,994,247
1997_49_87ha,T45657,11,748,71,993,248
1997_49_87ha,T45657,11,747,71,991,247
1997_49_87ha,T45657,11,749,73,990,246
1997_49_87ha,T45657,11,734,74,983,252
1997_49_87ha,T45657,11,731,72,987,255
1997_49_87ha,T45657,11,733,72,986,254
1997_49_87ha,T45657,11,735,73,988,255
1997_49_87ha,T45657,11,730,72,987,256
1997_49_87ha,T45657,11,729,73,986,257
1997_49_87ha,T45657,11,745,79,984,250
1997_49_87ha,T45657,11,744,79,982,249
1997_49_87ha,T45657,11,745,79,982,248
1997_49_87ha,T45657,11,745,83,977,247
1997_49_87ha,T45657,11,745,84,976,246
1997_49_87ha,T45657,11,745,83,981,247
1997_49_87ha,T45657,11,744,81,987,249
1997_49_87ha,T45657,11,744,81,987,249
1997_49_87ha,T45657,11,716,60,1006,268
1997_49_87ha,T45657,11,715,59,1007,269
1997_49_87ha,T45657,11,721,65,976,257
1997_49_87ha,T45657,11,720,65,975,257
1997_49_87ha,T45657,11,724,63,972,256
1997_49_87ha,T45657,11,724,63,971,256
1997_49_87ha,T45657,11,737,63,971,254
1997_49_87ha,T45657,11,739,64,969,256
1997_49_87ha,T45657,11,742,66,966,256
1997_49_87ha,T45657,11,748,67,966,254
1997_49_87ha,T45657,11,753,71,963,252
1997_49_87ha,T45657,11,758,71,967,253
1997_49_87ha,T45657,11,761,70,969,252
1997_49_87ha,T45657,11,764,71,970,252
1997_49_87ha,T45657,11,765,71,970,251
1997_49_87ha,T45657,11,770,70,975,251
1997_49_87ha,T45657,11,773,70,976,251
1997_49_87ha,T45657,11,902,67,1097,253
1997_49_87ha,T45657,11,907,65,1095,254
1997_49_87ha,T45657,11,909,65,1097,254
1997_49_87ha,T45657,11,904,64,1090,254
1997_49_87ha,T45657,11,903,62,1088,254
1997_49_87ha,T45657,11,903,62,1089,254
1997_49_87ha,T45657,11,904,63,1087,254
1997_49_87ha,T45657,11,906,62,1088,254
1997_49_87ha,T45657,11,906,61,1087,254
1997_49_87ha,T45657,11,906,61,1085,255
1997_49_87ha,T45657,11,907,64,1083,255
1997_49_87ha,T45657,11,906,63,1083,256
1997_49_87ha,T45657,11,905,61,1083,256
1997_49_87ha,T45657,11,903,59,1082,255
1997_49_87ha,T45657,11,901,57,1082,255
1997_49_87ha,T45657,11,902,59,1081,255
1997_49_87ha,T45657,11,901,60,1079,256
1997_49_87ha,T45657,11,899,60,1078,256
1997_49_87ha,T45657,11,898,59,1078,257
1997_49_87ha,T45657,11,898,59,1079,257
1997_49_87ha,T45657,11,897,59,1078,257
1997_49_87ha,T45657,11,897,59,1078,257
1997_49_87ha,T45657,11,898,62,1077,257
1997_49_87ha,T45657,11,897,62,1077,257
1997_49_87ha,T45657,11,897,62,1077,257
1997_49_87ha,T45657,11,898,63,1077,257
1997_49_87ha,T45657,11,898,63,1077,257
1997_49_87ha,T45657,11,900,63,1078,255
1997_49_87ha,T45657,11,899,63,1077,255
1997_49_87ha,T45657,11,898,63,1077,256
1997_49_87ha,T45657,11,899,60,1080,256
1997_49_87ha,T45657,11,900,58,1083,257
1997_49_87ha,T45657,11,901,55,1084,257
1997_49_87ha,T45657,11,900,58,1082,257
1997_49_87ha,T45657,11,901,61,1080,257
1997_49_87ha,T45657,11,899,63,1077,257
1997_49_87ha,T45657,11,899,64,1077,257
1997_49_87ha,T45657,11,902,67,1077,258
1997_49_87ha,T45657,11,901,66,1078,258
1997_49_87ha,T45657,11,900,65,1078,258
1997_49_87ha,T45657,11,899,65,1078,258
1997_49_87ha,T45657,11,895,68,1073,258
1997_49_87ha,T45657,11,892,68,1072,257
1997_49_87ha,T45657,11,895,63,1080,257
1997_49_87ha,T45657,11,896,56,1084,256
1997_49_87ha,T45657,11,895,50,1086,254
1997_49_87ha,T45657,11,891,47,1082,250
1997_49_87ha,T45657,11,889,47,1077,246
1997_49_87ha,T45657,11,887,48,1075,245
1997_49_87ha,T45657,11,886,47,1074,244
1997_49_87ha,T45657,11,890,42,1080,243
1997_49_87ha,T45657,11,885,41,1077,241
1997_49_87ha,T45657,11,885,40,1076,240
1997_49_87ha,T45657,11,881,45,1072,243
1997_49_87ha,T45657,11,880,44,1071,242
1997_49_87ha,T45657,11,884,43,1073,239
1997_49_87ha,T45657,11,881,44,1070,240
1997_49_87ha,T45657,11,880,43,1069,239
1997_49_87ha,T45657,11,878,41,1067,238
1997_49_87ha,T45657,11,879,43,1065,238
1997_49_87ha,T45657,11,880,46,1065,240
1997_49_87ha,T45657,11,880,46,1065,240
1997_49_87ha,T45657,11,878,46,1062,239
1997_49_87ha,T45657,11,878,45,1061,239
1997_49_87ha,T45657,11,877,41,1061,238
1997_49_87ha,T45657,11,876,40,1060,237
1997_49_87ha,T45657,11,876,39,1059,237
1997_49_87ha,T45657,11,882,29,1064,230
1997_49_87ha,T45657,11,885,29,1063,228
1997_49_87ha,T45657,11,885,28,1063,227
1997_49_87ha,T45657,11,879,26,1060,231
1997_49_87ha,T45657,11,880,29,1056,228
1997_49_87ha,T45657,11,876,29,1051,226
1997_49_87ha,T45657,11,875,28,1050,225
1997_49_87ha,T45657,11,873,27,1050,225
1997_49_87ha,T45657,11,872,26,1049,226
1997_49_87ha,T45657,11,871,26,1048,225
1997_49_87ha,T45657,11,868,25,1045,226
1997_49_87ha,T45657,11,864,25,1043,228
1997_49_87ha,T45657,11,863,24,1042,228
1997_49_87ha,T45657,11,862,25,1041,231
1997_49_87ha,T45657,11,859,22,1040,231
1997_49_87ha,T45657,11,856,24,1036,233
1997_49_87ha,T45657,11,854,24,1035,233
1997_49_87ha,T45657,11,851,24,1032,234
1997_49_87ha,T45657,11,850,23,1030,234
1997_49_87ha,T45657,11,848,23,1029,234
1997_49_87ha,T45657,11,847,27,1025,236
1997_49_87ha,T45657,11,845,27,1023,237
1997_49_87ha,T45657,11,847,47,1011,241
1997_49_87ha,T45657,11,846,49,1009,242
1997_49_87ha,T45657,11,814,89,967,258
1997_49_87ha,T45657,11,809,92,967,258
1997_49_87ha,T45657,11,811,95,970,259
1997_49_87ha,T45657,11,808,96,970,261
1997_49_87ha,T45657,11,808,97,971,261
1997_49_87ha,T45657,11,808,101,972,269
1997_49_87ha,T45657,11,809,102,972,273
1997_49_87ha,T45657,11,812,105,972,277
1997_49_87ha,T45657,11,813,107,968,277
1997_49_87ha,T45657,11,812,109,967,280
1997_49_87ha,T45657,11,800,121,946,285
1997_49_87ha,T45657,11,801,122,944,286
1997_49_87ha,T45657,11,800,124,942,288
1997_49_87ha,T45657,11,774,128,917,291
1997_49_87ha,T45657,11,774,127,915,289
1997_49_87ha,T45657,11,772,128,912,289
1997_49_87ha,T45657,23,1056,89,1297,460
1997_49_87ha,T45657,23,1058,92,1297,459
1997_49_87ha,T45657,23,1065,104,1287,445
1997_49_87ha,T45657,23,1062,95,1297,455
1997_49_87ha,T45657,23,1066,101,1293,449
1997_49_87ha,T45657,23,1067,103,1291,448
1997_49_87ha,T45657,23,1067,104,1292,450
1997_49_87ha,T45657,23,1069,106,1291,448
1997_49_87ha,T45657,23,1069,106,1289,446
1997_49_87ha,T45657,23,1069,108,1288,444
1997_49_87ha,T45657,23,1070,110,1288,443
1997_49_87ha,T45657,23,1071,112,1287,441
1997_49_87ha,T45657,23,1073,119,1294,455
1997_49_87ha,T45657,23,1074,121,1298,458
1997_49_87ha,T45657,23,1073,119,1300,461
1997_49_87ha,T45657,23,1071,119,1301,461
1997_49_87ha,T45657,23,1074,121,1302,460
1997_49_87ha,T45657,23,1074,120,1303,461
1997_49_87ha,T45657,23,1074,121,1303,460
1997_49_87ha,T45657,23,1073,121,1304,460
1997_49_87ha,T45657,23,1074,124,1302,458
1997_49_87ha,T45657,23,1072,125,1301,458
1997_49_87ha,T45657,23,1071,123,1303,459
1997_49_87ha,T45657,23,1072,124,1302,457
1997_49_87ha,T45657,23,1069,123,1303,459
1997_49_87ha,T45657,23,1068,123,1303,458
1997_49_87ha,T45657,23,1065,120,1305,461
1997_49_87ha,T45657,23,1064,119,1308,463
1997_49_87ha,T45657,23,1063,118,1308,463
1997_49_87ha,T45657,23,1064,120,1308,464
1997_49_87ha,T45657,23,1061,119,1310,466
1997_49_87ha,T45657,23,1060,116,1311,468
1997_49_87ha,T45657,23,1059,115,1312,470
1997_49_87ha,T45657,23,1060,116,1312,469
1997_49_87ha,T45657,23,1061,118,1310,467
1997_49_87ha,T45657,23,1063,121,1308,463
1997_49_87ha,T45657,23,1063,122,1308,462
1997_49_87ha,T45657,23,1065,126,1306,458
1997_49_87ha,T45657,23,1065,127,1306,455
1997_49_87ha,T45657,23,1064,125,1306,455
1997_49_87ha,T45657,23,1065,125,1308,455
1997_49_87ha,T45657,23,1066,124,1310,456
1997_49_87ha,T45657,23,1066,126,1309,454
1997_49_87ha,T45657,23,1071,122,1306,441
1997_49_87ha,T45657,23,1074,118,1307,437
1997_49_87ha,T45657,23,1075,124,1308,447
1997_49_87ha,T45657,23,1077,121,1306,438
1997_49_87ha,T45657,23,1078,115,1312,440
1997_49_87ha,T45657,23,1080,114,1312,437
1997_49_87ha,T45657,23,1081,113,1312,436
1997_49_87ha,T45657,23,1080,112,1313,438
1997_49_87ha,T45657,23,1081,111,1313,436
1997_49_87ha,T45657,23,1068,80,1328,430
1997_49_87ha,T45657,23,1062,76,1333,434
1997_49_87ha,T45657,23,1061,75,1333,434
1997_49_87ha,T45657,23,1057,77,1333,434
1997_49_87ha,T45657,23,1059,75,1331,423
1997_49_87ha,T45657,23,1054,74,1333,427
1997_49_87ha,T45657,23,1048,69,1333,426
1997_49_87ha,T45657,23,1046,67,1329,422
1997_49_87ha,T45657,23,1043,68,1324,421
1997_49_87ha,T45657,23,1040,68,1318,418
1997_49_87ha,T45657,23,1036,69,1311,414
1997_49_87ha,T45657,23,1029,65,1310,420
1997_49_87ha,T45657,23,1024,65,1304,419
1997_49_87ha,T45657,23,1021,67,1296,415
1997_49_87ha,T45657,23,1014,67,1290,418
1997_49_87ha,T45657,23,1006,65,1281,421
1997_49_87ha,T45657,23,1003,63,1278,424
1997_49_87ha,T45657,23,1003,63,1272,419
1997_49_87ha,T45657,23,1000,62,1266,419
1997_49_87ha,T45657,23,997,63,1260,420
1997_49_87ha,T45657,23,997,68,1252,417
1997_49_87ha,T45657,23,998,72,1246,413
1997_49_87ha,T45657,23,1000,75,1241,406
1997_49_87ha,T45657,23,997,75,1237,404
1997_49_87ha,T45657,23,963,66,1224,415
1997_49_87ha,T45657,23,963,64,1223,415
1997_49_87ha,T45657,23,956,63,1224,420
1997_49_87ha,T45657,23,953,64,1224,421
1997_49_87ha,T45657,23,949,63,1222,419
1997_49_87ha,T45657,23,948,65,1219,415
1997_49_87ha,T45657,23,945,67,1217,415
1997_49_87ha,T45657,23,942,66,1216,414
1997_49_87ha,T45657,23,938,69,1214,415
1997_49_87ha,T45657,23,937,68,1216,417
1997_49_87ha,T45657,23,935,68,1214,418
1997_49_87ha,T45657,23,917,77,1189,414
1997_49_87ha,T45657,23,914,78,1185,414
1997_49_87ha,T45657,23,899,68,1186,432
1997_49_87ha,T45657,23,898,68,1182,433
1997_49_87ha,T45657,23,898,70,1176,434
1997_49_87ha,T45657,23,897,70,1171,435
1997_49_87ha,T45657,23,897,70,1165,433
1997_49_87ha,T45657,23,896,77,1156,431
1997_49_87ha,T45657,23,898,79,1148,423
1997_49_87ha,T45657,23,895,78,1147,427
1997_49_87ha,T45657,23,892,78,1144,428
1997_49_87ha,T45657,23,865,74,1120,428
1997_49_87ha,T45657,23,856,72,1120,436
1997_49_87ha,T45657,23,854,78,1113,434
1997_49_87ha,T45657,23,847,76,1110,436
1997_49_87ha,T45657,23,846,77,1104,430
1997_49_87ha,T45657,23,842,77,1100,430
1997_49_87ha,T45657,23,813,78,1076,447
1997_49_87ha,T45657,23,806,77,1068,451
1997_49_87ha,T45657,23,801,77,1059,454
1997_49_87ha,T45657,23,799,77,1050,450
1997_49_87ha,T45657,23,799,79,1044,449
1997_49_87ha,T45657,23,798,78,1042,451
1997_49_87ha,T45657,23,793,78,1037,452
1997_49_87ha,T45657,23,795,82,1037,467
1997_49_87ha,T45657,23,800,83,1033,464
1997_49_87ha,T45657,23,804,88,1029,461
1997_49_87ha,T45657,23,805,82,1032,466
1997_49_87ha,T45657,23,807,72,1037,471
1997_49_87ha,T45657,23,815,80,1030,454
1997_49_87ha,T45657,23,816,80,1031,458
1997_49_87ha,T45657,23,816,72,1039,471
1997_49_87ha,T45657,23,821,72,1039,467
1997_49_87ha,T45657,23,823,74,1039,469
1997_49_87ha,T45657,23,832,85,1037,455
1997_49_87ha,T45657,23,838,90,1040,453
1997_49_87ha,T45657,23,840,92,1041,452
1997_49_87ha,T45657,23,912,115,1118,479
1997_49_87ha,T45657,23,913,116,1121,480
1997_49_87ha,T45657,23,912,111,1126,486
1997_49_87ha,T45657,23,915,112,1129,487
1997_49_87ha,T45657,23,918,113,1127,482
1997_49_87ha,T45657,23,921,116,1126,478
1997_49_87ha,T45657,23,923,115,1127,481
1997_49_87ha,T45657,23,926,115,1128,477
1997_49_87ha,T45657,23,925,115,1131,482
1997_49_87ha,T45657,23,925,114,1131,479
1997_49_87ha,T45657,23,926,114,1135,485
1997_49_87ha,T45657,23,926,107,1140,489
1997_49_87ha,T45657,23,930,113,1137,481
1997_49_87ha,T45657,23,929,111,1139,488
1997_49_87ha,T45657,23,932,116,1139,484
1997_49_87ha,T45657,23,932,111,1143,489
1997_49_87ha,T45657,23,936,113,1145,485
1997_49_87ha,T45657,23,938,113,1147,486
1997_49_87ha,T45657,23,944,122,1144,476
1997_49_87ha,T45657,23,946,123,1146,476
1997_49_87ha,T45657,23,945,124,1145,475
1997_49_87ha,T45657,23,947,125,1146,475
1997_49_87ha,T45657,23,948,124,1151,477
1997_49_87ha,T45657,23,950,125,1152,477
1997_49_87ha,T45657,23,957,169,1147,497
1997_49_87ha,T45657,23,957,172,1146,496
1997_49_87ha,T45657,23,957,174,1146,496
1997_49_87ha,T45657,23,952,194,1141,508
1997_49_87ha,T45657,23,949,195,1143,510
1997_49_87ha,T45657,23,947,195,1144,509
1997_49_87ha,T45657,23,947,197,1141,503
1997_49_87ha,T45657,23,945,197,1141,503
1997_49_87ha,T45657,23,943,197,1142,505
1997_49_87ha,T45657,23,942,197,1143,506
1997_49_87ha,T45657,23,943,200,1143,506
1997_49_87ha,T45657,23,944,204,1142,504
1997_49_87ha,T45657,23,942,204,1142,504
1997_49_87ha,T45657,23,941,206,1142,505
1997_49_87ha,T45657,23,939,206,1142,505
1997_49_87ha,T45657,23,939,205,1144,507
1997_49_87ha,T45657,23,936,203,1145,512
1997_49_87ha,T45657,23,935,204,1144,511
1997_49_87ha,T45657,23,935,207,1142,509
1997_49_87ha,T45657,23,934,207,1142,510
1997_49_87ha,T45657,23,932,205,1143,512
1997_49_87ha,T45657,23,931,204,1144,513
1997_49_87ha,T45657,23,930,204,1144,514
1997_49_87ha,T45657,23,929,208,1137,508
1997_49_87ha,T45657,23,929,209,1136,508
1997_49_87ha,T45657,23,925,206,1137,512
1997_49_87ha,T45657,23,925,207,1134,507
1997_49_87ha,T45657,23,924,208,1133,507
1997_49_87ha,T45657,23,924,211,1129,508
1997_49_87ha,T45657,23,924,212,1128,508
1997_49_87ha,T45657,23,926,216,1127,504
1997_49_87ha,T45657,23,924,215,1124,506
1997_49_87ha,T45657,23,922,212,1126,512
1997_49_87ha,T45657,23,924,213,1127,513
1997_49_87ha,T45657,23,928,218,1121,505
1997_49_87ha,T45657,23,932,221,1113,488
1997_49_87ha,T45657,23,929,220,1115,496
1997_49_87ha,T45657,23,930,221,1111,490
1997_49_87ha,T45657,23,929,222,1110,491
1997_49_87ha,T45657,23,926,221,1113,499
1997_49_87ha,T45657,23,926,220,1111,497
1997_49_87ha,T45657,23,926,221,1110,496
1997_49_87ha,T45657,23,927,221,1110,496
1997_49_87ha,T45657,23,925,222,1111,501
1997_49_87ha,T45657,23,925,225,1109,500
1997_49_87ha,T45657,23,926,225,1107,496
1997_49_87ha,T45657,23,926,226,1105,496
1997_49_87ha,T45657,23,925,227,1104,495
1997_49_87ha,T45657,23,917,226,1093,489
1997_49_87ha,T45657,23,915,227,1092,488
1997_49_87ha,T45657,23,914,227,1089,487
1997_49_87ha,T45657,23,905,241,1072,483
1997_49_87ha,T45657,23,902,244,1070,483
1997_49_87ha,T45657,23,898,248,1066,483
1997_49_87ha,T45657,23,894,252,1064,486
1997_49_87ha,T45657,23,889,251,1062,489
1997_49_87ha,T45657,23,884,253,1057,491
1997_49_87ha,T45657,23,876,252,1057,502
1997_49_87ha,T45657,23,873,254,1054,504
1997_49_87ha,T45657,23,860,246,1044,504
1997_49_87ha,T45657,23,856,247,1041,505
1997_49_87ha,T45657,23,817,258,978,482
1997_49_87ha,T45657,23,814,259,972,480
1997_49_87ha,T45657,23,805,264,963,481
1997_49_87ha,T45657,23,796,264,962,491
1997_49_87ha,T45657,23,788,263,955,493
1997_49_87ha,T45657,23,781,260,950,495
1997_49_87ha,T45657,23,773,256,951,508
1997_49_87ha,T45657,23,767,254,946,511
1997_49_87ha,T45657,23,757,248,941,515
1997_49_87ha,T45657,23,755,250,928,504
1997_49_87ha,T45657,23,751,252,917,497
1997_49_87ha,T45657,23,750,256,911,494
1997_49_87ha,T45657,23,746,258,905,493
1997_49_87ha,T45657,23,741,258,899,493
1997_49_87ha,T45657,23,738,260,899,498
1997_49_87ha,T45657,23,734,261,898,502
1997_49_87ha,T45657,23,729,261,893,503
1997_49_87ha,T45657,23,724,261,878,485
1997_49_87ha,T45657,23,719,259,876,486
1997_49_87ha,T45657,23,716,260,874,488
1997_49_87ha,T45657,23,715,264,868,484
1997_49_87ha,T45657,23,713,264,868,485
1997_49_87ha,T45657,23,709,264,863,484
1997_49_87ha,T45657,23,675,244,857,508
1997_49_87ha,T45657,23,672,245,847,501
1997_49_87ha,T45657,23,666,243,843,502
1997_49_87ha,T45657,23,1102,240,1261,463
1997_49_87ha,T45657,23,1107,244,1264,452
1997_49_87ha,T45657,23,1104,245,1264,449
1997_49_87ha,T45657,23,1098,245,1265,452
1997_49_87ha,T45657,23,1093,244,1261,449
1997_49_87ha,T45657,23,1092,244,1252,434
1997_49_87ha,T45657,23,1099,244,1255,430
1997_49_87ha,T45657,23,1085,243,1241,426
1997_49_87ha,T45657,23,1088,243,1241,422
1997_49_87ha,T45657,29,1288,473,1433,763
1997_49_87ha,T45657,29,1290,478,1429,757
1997_49_87ha,T45657,29,1289,482,1423,751
1997_49_87ha,T45657,29,1285,477,1422,753
1997_49_87ha,T45657,29,1285,474,1421,747
1997_49_87ha,T45657,29,1281,467,1421,748
1997_49_87ha,T45657,29,1279,469,1418,747
1997_49_87ha,T45657,29,1275,467,1417,748
1997_49_87ha,T45657,29,1273,465,1417,749
1997_49_87ha,T45657,29,1270,467,1412,746
1997_49_87ha,T45657,29,1267,466,1410,746
1997_49_87ha,T45657,29,1268,466,1411,748
1997_49_87ha,T45657,29,1269,463,1413,747
1997_49_87ha,T45657,29,1269,460,1415,749
1997_49_87ha,T45657,29,1267,454,1417,751
1997_49_87ha,T45657,29,1267,454,1416,748
1997_49_87ha,T45657,29,1267,454,1417,749
1997_49_87ha,T45657,29,1269,453,1418,747
1997_49_87ha,T45657,29,1266,451,1418,749
1997_49_87ha,T45657,29,1266,443,1422,749
1997_49_87ha,T45657,29,1264,439,1421,748
1997_49_87ha,T45657,29,1264,433,1423,746
1997_49_87ha,T45657,29,1263,428,1427,749
1997_49_87ha,T45657,29,1263,422,1429,747
1997_49_87ha,T45657,29,1260,422,1426,746
1997_49_87ha,T45657,29,1256,417,1426,749
1997_49_87ha,T45657,29,1250,422,1418,745
1997_49_87ha,T45657,29,1247,423,1412,741
1997_49_87ha,T45657,29,1244,427,1403,731
1997_49_87ha,T45657,29,1239,430,1398,731
1997_49_87ha,T45657,29,1236,429,1395,730
1997_49_87ha,T45657,29,1219,416,1389,738
1997_49_87ha,T45657,29,1209,406,1388,745
1997_49_87ha,T45657,29,1202,400,1386,751
1997_49_87ha,T45657,29,1198,378,1392,748
1997_49_87ha,T45657,29,1193,374,1390,748
1997_49_87ha,T45657,29,1187,359,1392,752
1997_49_87ha,T45657,29,1172,345,1391,764
1997_49_87ha,T45657,29,1171,361,1375,750
1997_49_87ha,T45657,29,1154,343,1372,760
1997_49_87ha,T45657,29,1145,339,1365,767
1997_49_87ha,T45657,29,1138,336,1357,770
1997_49_87ha,T45657,29,1137,342,1349,768
1997_49_87ha,T45657,29,1140,357,1337,757
1997_49_87ha,T45657,29,1140,366,1329,751
1997_49_87ha,T45657,29,1135,365,1321,749
1997_49_87ha,T45657,29,1131,366,1316,749
1997_49_87ha,T45657,29,1131,373,1310,742
1997_49_87ha,T45657,29,1128,370,1308,744
1997_49_87ha,T45657,29,1128,373,1307,743
1997_49_87ha,T45657,29,1124,373,1302,742
1997_49_87ha,T45657,29,1121,353,1311,747
1997_49_87ha,T45657,29,1118,351,1308,747
1997_49_87ha,T45657,29,1106,382,1277,729
1997_49_87ha,T45657,29,1104,383,1274,728
1997_49_87ha,T45657,29,1063,340,1267,752
1997_49_87ha,T45657,29,1057,337,1264,754
1997_49_87ha,T45657,29,1043,345,1248,743
1997_49_87ha,T45657,29,1041,344,1246,742
1997_49_87ha,T45657,29,1037,342,1249,742
1997_49_87ha,T45657,29,1035,341,1251,739
1997_49_87ha,T45657,29,1032,339,1253,741
1997_49_87ha,T45657,29,1032,342,1255,741
1997_49_87ha,T45657,29,1031,344,1254,739
1997_49_87ha,T45657,29,1031,345,1256,739
1997_49_87ha,T45657,29,1028,350,1253,740
1997_49_87ha,T45657,29,1029,355,1254,743
1997_49_87ha,T45657,29,1030,355,1255,741
1997_49_87ha,T45657,29,1026,352,1256,744
1997_49_87ha,T45657,29,1025,350,1257,748
1997_49_87ha,T45657,29,1036,370,1256,736
1997_49_87ha,T45657,29,1039,381,1255,729
1997_49_87ha,T45657,29,1032,378,1253,729
1997_49_87ha,T45657,29,1031,382,1251,723
1997_49_87ha,T45657,29,1026,381,1252,725
1997_49_87ha,T45657,29,1026,386,1250,721
1997_49_87ha,T45657,29,1019,386,1248,723
1997_49_87ha,T45657,29,1019,389,1246,721
1997_49_87ha,T45657,29,980,382,1218,728
1997_49_87ha,T45657,29,965,381,1205,724
1997_49_87ha,T45657,29,960,381,1199,723
1997_49_87ha,T45657,29,924,378,1172,727
1997_49_87ha,T45657,29,904,375,1160,730
1997_49_87ha,T45657,29,896,375,1152,730
1997_49_87ha,T45657,29,863,374,1124,734
1997_49_87ha,T45657,29,847,371,1112,736
1997_49_87ha,T45657,29,836,371,1103,736
1997_49_87ha,T45657,29,815,367,1087,744
1997_49_87ha,T45657,29,809,383,1063,730
1997_49_87ha,T45657,29,797,382,1053,730
1997_49_87ha,T45657,29,786,382,1041,730
1997_49_87ha,T45657,29,765,376,1027,732
1997_49_87ha,T45657,29,755,375,1017,728
1997_49_87ha,T45657,29,743,375,1005,728
1997_49_87ha,T45657,29,715,381,971,723
1997_49_87ha,T45657,29,713,390,957,713
1997_49_87ha,T45657,29,698,384,950,715
1997_49_87ha,T45657,29,687,384,939,714
1997_49_87ha,T45657,29,647,310,936,685
1997_49_87ha,T45657,29,653,315,926,666
1997_49_87ha,T45657,29,655,314,920,653
1997_49_87ha,T45657,29,649,309,913,647
1997_49_87ha,T45657,29,649,313,902,628
1997_49_87ha,T45657,29,645,310,896,622
1997_49_87ha,T45657,29,567,153,921,614
1997_49_87ha,T45657,29,559,138,920,611
1997_49_87ha,T45657,29,568,151,906,606
1997_49_87ha,T45657,29,579,161,897,601
1997_49_87ha,T45657,29,583,164,891,599
1997_49_87ha,T45657,29,576,154,890,595
1997_49_87ha,T45657,29,579,157,886,597
1997_49_87ha,T45657,29,581,159,882,598
1997_49_87ha,T45657,29,576,151,881,595
1997_49_87ha,T45657,29,590,172,875,595
1997_49_87ha,T45657,29,609,213,864,585
1997_49_87ha,T45657,29,591,181,870,596
1997_49_87ha,T45657,29,587,171,871,599
1997_49_87ha,T45657,29,590,174,868,597
1997_49_87ha,T45657,29,590,172,867,599
1997_49_87ha,T45657,29,588,168,866,600
1997_49_87ha,T45657,29,587,165,867,603
1997_49_87ha,T45657,29,584,161,866,606
1997_49_87ha,T45657,29,586,163,863,606
1997_49_87ha,T45657,29,607,203,855,595
1997_49_87ha,T45657,29,597,180,860,601
1997_49_87ha,T45657,29,591,168,861,604
1997_49_87ha,T45657,29,587,161,861,607
1997_49_87ha,T45657,29,586,159,862,609
1997_49_87ha,T45657,29,584,156,862,610
1997_49_87ha,T45657,29,620,221,849,588
1997_49_87ha,T45657,29,626,236,846,584
1997_49_87ha,T45657,29,628,241,847,583
1997_49_87ha,T45657,29,625,240,848,584
1997_49_87ha,T45657,29,618,241,844,587
1997_49_87ha,T45657,29,618,239,848,589
1997_49_87ha,T45657,29,617,238,850,588
1997_49_87ha,T45657,29,617,240,850,588
1997_49_87ha,T45657,29,616,240,850,588
1997_49_87ha,T45657,29,614,236,854,592
1997_49_87ha,T45657,29,613,235,853,590
1997_49_87ha,T45657,29,614,237,851,588
1997_49_87ha,T45657,29,613,237,851,587
1997_49_87ha,T45657,29,608,234,851,592
1997_49_87ha,T45657,29,604,231,851,595
1997_49_87ha,T45657,29,603,230,852,597
1997_49_87ha,T45657,29,602,230,851,597
1997_49_87ha,T45657,29,603,232,850,596
1997_49_87ha,T45657,29,604,235,848,594
1997_49_87ha,T45657,29,604,238,846,592
1997_49_87ha,T45657,29,606,243,844,590
1997_49_87ha,T45657,29,604,236,849,592
1997_49_87ha,T45657,29,602,231,852,594
1997_49_87ha,T45657,29,600,230,850,594
1997_49_87ha,T45657,29,601,232,849,595
1997_49_87ha,T45657,29,606,246,845,594
1997_49_87ha,T45657,29,611,262,838,588
1997_49_87ha,T45657,29,604,250,840,587
1997_49_87ha,T45657,29,603,246,842,589
1997_49_87ha,T45657,29,600,246,842,594
1997_49_87ha,T45657,29,601,250,840,594
1997_49_87ha,T45657,29,604,254,839,590
1997_49_87ha,T45657,29,603,262,835,592
1997_49_87ha,T45657,29,601,258,833,587
1997_49_87ha,T45657,29,599,256,834,588
1997_49_87ha,T45657,29,599,259,832,588
1997_49_87ha,T45657,29,599,261,831,587
1997_49_87ha,T45657,29,569,234,823,591
1997_49_87ha,T45657,29,568,236,822,589
1997_49_87ha,T45657,29,560,229,824,596
1997_49_87ha,T45657,29,560,237,821,594
1997_49_87ha,T45657,29,563,249,817,588
1997_49_87ha,T45657,29,561,253,816,587
1997_49_87ha,T45657,29,556,250,814,583
1997_49_87ha,T45657,29,548,239,817,585
1997_49_87ha,T45657,29,546,240,814,582
1997_49_87ha,T45657,29,545,247,807,577
1997_49_87ha,T45657,29,540,251,805,581
1997_49_87ha,T45657,29,538,253,801,577
1997_49_87ha,T45657,29,531,251,802,581
1997_49_87ha,T45657,29,529,258,794,576
1997_49_87ha,T45657,29,526,259,794,577
1997_49_87ha,T45657,29,513,249,794,580
1997_49_87ha,T45657,29,504,247,791,583
1997_49_87ha,T45657,29,500,251,785,583
1997_49_87ha,T45657,29,496,251,783,585
1997_49_87ha,T45657,29,485,246,778,590
1997_49_87ha,T45657,29,478,238,777,592
1997_49_87ha,T45657,29,490,252,769,581
1997_49_87ha,T45657,29,493,260,764,579
1997_49_87ha,T45657,29,483,249,764,583
1997_49_87ha,T45657,29,479,248,760,583
1997_49_87ha,T45657,29,486,269,750,584
1997_49_87ha,T45657,29,483,269,749,586
1997_49_87ha,T45657,29,482,275,747,591
1997_49_87ha,T45657,29,483,278,745,592
1997_49_87ha,T45657,29,463,261,740,593
1997_49_87ha,T45657,29,458,259,736,593
1997_49_87ha,T45657,29,458,269,727,592
1997_49_87ha,T45657,29,454,268,722,589
1997_49_87ha,T45657,29,452,271,715,583
1997_49_87ha,T45657,29,436,251,721,592
1997_49_87ha,T45657,29,437,257,713,587
1997_49_87ha,T45657,29,437,273,701,583
1997_49_87ha,T45657,29,425,264,703,591
1997_49_87ha,T45657,29,409,253,698,594
1997_49_87ha,T45657,29,394,242,700,604
1997_49_87ha,T45657,29,386,230,700,604
1997_49_87ha,T45657,29,384,242,690,607
1997_49_87ha,T45657,29,385,248,680,601
1997_49_87ha,T45657,29,381,247,670,594
1997_49_87ha,T45657,29,388,263,661,591
1997_49_87ha,T45657,29,386,264,658,591
1997_49_87ha,T45657,29,379,257,655,590
1997_49_87ha,T45657,29,382,273,645,589
1997_49_87ha,T45657,29,379,271,644,587
1997_49_87ha,T45657,29,376,272,639,587
1997_49_87ha,T45657,29,360,261,632,586
1997_49_87ha,T45657,29,350,250,633,591
1997_49_87ha,T45657,29,334,232,637,601
1997_49_87ha,T45657,29,334,232,632,598
1997_49_87ha,T45657,29,340,242,624,590
1997_49_87ha,T45657,29,344,253,615,583
1997_49_87ha,T45657,29,351,273,602,575
1997_49_87ha,T45657,29,351,280,598,570
1997_49_87ha,T45657,29,337,265,605,579
1997_49_87ha,T45657,29,325,254,607,586
1997_49_87ha,T45657,29,325,264,597,581
1997_49_87ha,T45657,29,324,271,589,578
1997_49_87ha,T45657,29,322,280,580,577
1997_49_87ha,T45657,29,314,275,578,575
1997_49_87ha,T45657,29,311,277,573,574
1997_49_87ha,T45657,29,291,263,567,576
1997_49_87ha,T45657,29,288,263,562,573
1997_49_87ha,T45657,29,283,260,562,575
1997_49_87ha,T45657,29,277,252,563,575
1997_49_87ha,T45657,29,277,252,560,573
1997_49_87ha,T45657,29,279,260,554,570
1997_49_87ha,T45657,29,278,261,548,568
1997_49_87ha,T45657,29,274,260,545,567
1997_49_87ha,T45657,29,250,248,536,576
1997_49_87ha,T45657,29,245,247,533,576
1997_49_87ha,T45657,29,234,237,521,572
1997_49_87ha,T45657,29,236,244,511,570
1997_49_87ha,T45657,29,232,243,505,569
1997_49_87ha,T45657,29,228,247,494,565
1997_49_87ha,T45657,29,225,250,485,560
1997_49_87ha,T45657,29,224,250,482,558
1997_49_87ha,T45657,29,223,252,476,555
1997_49_87ha,T45657,29,217,249,475,559
1997_49_87ha,T45657,29,213,249,471,558
1997_49_87ha,T45657,29,206,247,467,562
1997_49_87ha,T45657,29,201,234,467,555
1997_49_87ha,T45657,29,198,229,465,548
1997_49_87ha,T45657,29,184,208,477,562
1997_49_87ha,T45657,29,186,212,470,555
1997_49_87ha,T45657,29,189,221,461,547
1997_49_87ha,T45657,29,186,222,457,546
1997_49_87ha,T45657,29,183,223,452,544
1997_49_87ha,T45657,29,184,231,444,539
1997_49_87ha,T45657,29,183,234,438,534
1997_49_87ha,T45657,29,180,234,437,533
1997_49_87ha,T45657,29,161,224,434,539
1997_49_87ha,T45657,29,155,227,427,538
1997_49_87ha,T45657,29,146,219,428,541
1997_49_87ha,T45657,29,144,222,421,535
1997_49_87ha,T45657,29,142,229,410,529
1997_49_87ha,T45657,29,137,226,406,528
1997_49_87ha,T45657,29,132,225,403,528
1997_49_87ha,T45657,29,129,227,399,526
1997_49_87ha,T45657,29,125,226,398,527
1997_49_87ha,T45657,29,120,222,399,530
1997_49_87ha,T45657,29,117,219,399,531
1997_49_87ha,T45657,29,118,220,397,528
1997_49_87ha,T45657,29,118,221,395,527
1997_49_87ha,T45657,29,118,222,395,527
1997_49_87ha,T45657,29,119,222,396,528
1997_49_87ha,T45657,29,118,220,398,528
1997_49_87ha,T45657,29,117,220,400,531
1997_49_87ha,T45657,29,121,224,398,528
1997_49_87ha,T45657,29,126,226,400,527
1997_49_87ha,T45657,29,125,225,405,533
1997_49_87ha,T45657,29,128,223,411,535
1997_49_87ha,T45657,29,132,221,415,535
1997_49_87ha,T45657,29,136,223,417,535
1997_49_87ha,T45657,29,140,226,420,537
1997_49_87ha,T45657,29,142,225,425,539
1997_49_87ha,T45657,29,146,226,429,540
1997_49_87ha,T45657,29,149,225,435,543
1997_49_87ha,T45657,29,153,225,438,544
1997_49_87ha,T45657,29,154,225,440,545
1997_49_87ha,T45657,29,173,235,444,539
1997_49_87ha,T45657,29,178,239,445,537
1997_49_87ha,T45657,29,180,239,449,540
1997_49_87ha,T45657,29,181,236,453,542
1997_49_87ha,T45657,29,182,233,458,546
1997_49_87ha,T45657,29,188,237,457,544
1997_49_87ha,T45657,29,192,234,462,546
1997_49_87ha,T45657,29,194,228,471,551
1997_49_87ha,T45657,29,197,237,474,564
1997_49_87ha,T45657,29,199,237,478,567
1997_49_87ha,T45657,29,211,244,482,567
1997_49_87ha,T45657,29,215,244,486,571
1997_49_87ha,T45657,29,222,246,489,570
1997_49_87ha,T45657,29,224,241,496,574
1997_49_87ha,T45657,29,228,242,500,576
1997_49_87ha,T45657,29,236,240,509,579
1997_49_87ha,T45657,29,242,238,515,581
1997_49_87ha,T45657,29,247,237,518,581
1997_49_87ha,T45657,29,251,235,521,581
1997_49_87ha,T45657,29,258,237,523,581
1997_49_87ha,T45657,29,261,237,528,582
1997_49_87ha,T45657,29,288,254,528,561
1997_49_87ha,T45657,29,293,259,530,559
1997_49_87ha,T45657,29,297,259,535,560
1997_49_87ha,T45657,29,301,259,542,562
1997_49_87ha,T45657,29,299,251,554,570
1997_49_87ha,T45657,29,301,251,558,575
1997_49_87ha,T45657,29,308,247,565,576
1997_49_87ha,T45657,29,315,247,570,576
1997_49_87ha,T45657,29,325,253,574,571
1997_49_87ha,T45657,29,332,257,579,569
1997_49_87ha,T45657,29,338,258,588,570
1997_49_87ha,T45657,29,346,259,595,567
1997_49_87ha,T45657,29,353,260,602,568
1997_49_87ha,T45657,29,359,261,609,568
1997_49_87ha,T45657,29,364,262,616,570
1997_49_87ha,T45657,29,364,252,628,579
1997_49_87ha,T45657,29,368,254,631,580
1997_49_87ha,T45657,29,386,270,631,573
1997_49_87ha,T45657,29,394,272,638,571
1997_49_87ha,T45657,29,398,270,644,569
1997_49_87ha,T45657,29,403,271,649,569
1997_49_87ha,T45657,29,406,270,651,567
1997_49_87ha,T45657,29,408,266,662,574
1997_49_87ha,T45657,29,411,265,670,580
1997_49_87ha,T45657,29,415,259,679,581
1997_49_87ha,T45657,29,420,265,682,581
1997_49_87ha,T45657,29,426,266,685,578
1997_49_87ha,T45657,29,434,274,686,577
1997_49_87ha,T45657,29,441,276,693,577
1997_49_87ha,T45657,29,447,279,696,576
1997_49_87ha,T45657,29,451,276,703,576
1997_49_87ha,T45657,29,456,281,703,573
1997_49_87ha,T45657,29,458,277,708,571
1997_49_87ha,T45657,29,461,277,712,572
1997_49_87ha,T45657,29,463,278,716,574
1997_49_87ha,T45657,29,466,276,721,576
1997_49_87ha,T45657,29,466,273,727,579
1997_49_87ha,T45657,29,470,273,732,580
1997_49_87ha,T45657,29,489,284,740,579
1997_49_87ha,T45657,29,493,284,745,581
1997_49_87ha,T45657,29,493,279,749,584
1997_49_87ha,T45657,29,496,281,750,582
1997_49_87ha,T45657,29,497,281,754,583
1997_49_87ha,T45657,29,502,279,758,582
1997_49_87ha,T45657,29,506,281,762,583
1997_49_87ha,T45657,29,508,280,765,585
1997_49_87ha,T45657,29,512,278,770,586
1997_49_87ha,T45657,29,515,278,775,589
1997_49_87ha,T45657,29,514,274,780,593
1997_49_87ha,T45657,29,521,276,785,593
1997_49_87ha,T45657,29,526,277,788,592
1997_49_87ha,T45657,29,532,279,792,592
1997_49_87ha,T45657,29,536,281,793,591
1997_49_87ha,T45657,29,542,285,795,588
1997_49_87ha,T45657,29,547,290,793,585
1997_49_87ha,T45657,29,551,291,795,583
1997_49_87ha,T45657,29,551,287,800,584
1997_49_87ha,T45657,29,558,294,799,579
1997_49_87ha,T45657,29,558,291,803,580
1997_49_87ha,T45657,29,560,292,806,580
1997_49_87ha,T45657,29,561,290,811,583
1997_49_87ha,T45657,29,562,288,814,582
1997_49_87ha,T45657,29,563,284,818,582
1997_49_87ha,T45657,29,564,284,821,585
1997_49_87ha,T45657,29,567,285,823,586
1997_49_87ha,T45657,29,568,286,824,588
1997_49_87ha,T45657,29,567,284,825,589
1997_49_87ha,T45657,29,567,282,825,588
1997_49_87ha,T45657,29,567,281,826,590
1997_49_87ha,T45657,29,569,284,824,588
1997_49_87ha,T45657,29,570,284,825,588
1997_49_87ha,T45657,29,570,287,825,592
1997_49_87ha,T45657,29,571,288,825,592
1997_49_87ha,T45657,29,571,288,825,592
1997_49_87ha,T45657,29,572,288,825,592
1997_49_87ha,T45657,29,574,289,825,590
1997_49_87ha,T45657,29,573,287,825,590
1997_49_87ha,T45657,29,571,282,828,595
1997_49_87ha,T45657,29,570,280,829,598
1997_49_87ha,T45657,29,570,279,828,598
1997_49_87ha,T45657,29,573,284,824,594
1997_49_87ha,T45657,29,574,288,822,592
1997_49_87ha,T45657,29,576,289,821,590
1997_49_87ha,T45657,29,576,290,820,590
1997_49_87ha,T45657,29,575,290,819,590
1997_49_87ha,T45657,29,575,289,820,590
1997_49_87ha,T45657,29,574,288,821,592
1997_49_87ha,T45657,29,573,288,819,591
1997_49_87ha,T45657,29,575,289,819,589
1997_49_87ha,T45657,29,574,286,818,587
1997_49_87ha,T45657,29,575,289,818,587
1997_49_87ha,T45657,29,573,287,819,589
1997_49_87ha,T45657,29,573,287,816,586
1997_49_87ha,T45657,29,572,289,814,587
1997_49_87ha,T45657,29,571,289,814,585
1997_49_87ha,T45657,29,572,294,812,585
1997_49_87ha,T45657,29,571,295,809,581
1997_49_87ha,T45657,29,560,286,814,594
1997_49_87ha,T45657,29,564,292,808,584
1997_49_87ha,T45657,29,564,294,806,584
1997_49_87ha,T45657,29,561,293,805,584
1997_49_87ha,T45657,29,555,291,804,590
1997_49_87ha,T45657,29,557,295,801,584
1997_49_87ha,T45657,29,552,292,799,584
1997_49_87ha,T45657,29,555,298,795,579
1997_49_87ha,T45657,29,551,295,798,583
1997_49_87ha,T45657,29,549,297,796,583
1997_49_87ha,T45657,29,543,292,797,586
1997_49_87ha,T45657,29,539,294,793,587
1997_49_87ha,T45657,29,537,294,791,587
1997_49_87ha,T45657,29,522,288,788,596
1997_49_87ha,T45657,29,519,288,786,596
1997_49_87ha,T45657,29,519,291,782,596
1997_49_87ha,T45657,29,517,290,780,597
1997_49_87ha,T45657,29,519,297,772,591
1997_49_87ha,T45657,29,520,298,768,587
1997_49_87ha,T45657,29,516,298,766,587
1997_49_87ha,T45657,29,517,301,762,585
1997_49_87ha,T45657,29,515,300,761,586
1997_49_87ha,T45657,29,513,298,759,587
1997_49_87ha,T45657,29,515,298,762,589
1997_49_87ha,T45657,29,516,298,760,587
1997_49_87ha,T45657,29,516,298,759,588
1997_49_87ha,T45657,29,516,298,758,590
1997_49_87ha,T45657,29,516,297,757,588
1997_49_87ha,T45657,29,516,299,754,589
1997_49_87ha,T45657,29,516,298,754,589
1997_49_87ha,T45657,29,518,300,753,589
1997_49_87ha,T45657,29,519,302,753,590
1997_49_87ha,T45657,29,522,301,756,591
1997_49_87ha,T45657,29,520,305,761,606
1997_49_87ha,T45657,29,527,306,759,595
1997_49_87ha,T45657,29,530,304,761,594
1997_49_87ha,T45657,29,532,310,765,603
1997_49_87ha,T45657,29,535,311,771,609
1997_49_87ha,T45657,29,541,314,775,609
1997_49_87ha,T45657,29,542,315,777,611
1997_49_87ha,T45657,29,547,310,787,616
1997_49_87ha,T45657,29,554,318,785,612
1997_49_87ha,T45657,29,557,317,790,613
1997_49_87ha,T45657,29,564,304,797,601
1997_49_87ha,T45657,29,570,311,800,607
1997_49_87ha,T45657,29,577,315,802,606
1997_49_87ha,T45657,29,582,316,807,609
1997_49_87ha,T45657,29,585,316,811,610
1997_49_87ha,T45657,29,614,313,845,618
1997_49_87ha,T45657,29,622,313,849,617
1997_49_87ha,T45657,29,627,310,854,619
1997_49_87ha,T45657,29,632,310,860,620
1997_49_87ha,T45657,29,637,309,866,623
1997_49_87ha,T45657,29,642,308,873,626
1997_49_87ha,T45657,29,647,307,879,627
1997_49_87ha,T45657,29,658,321,877,622
1997_49_87ha,T45657,29,663,317,886,622
1997_49_87ha,T45657,29,666,314,893,625
1997_49_87ha,T45657,29,672,313,897,623
1997_49_87ha,T45657,29,674,305,906,627
1997_49_87ha,T45657,29,669,269,923,630
1997_49_87ha,T45657,29,673,265,931,631
1997_49_87ha,T45657,29,711,318,930,628
1997_49_87ha,T45657,29,717,317,936,627
1997_49_87ha,T45657,29,719,310,947,635
1997_49_87ha,T45657,29,723,310,952,637
1997_49_87ha,T45657,29,727,304,959,638
1997_49_87ha,T45657,29,729,294,967,642
1997_49_87ha,T45657,29,738,298,972,645
1997_49_87ha,T45657,29,742,296,979,647
1997_49_87ha,T45657,29,761,319,977,643
1997_49_87ha,T45657,29,763,321,979,643
1997_49_87ha,T45657,29,745,300,975,650
1997_49_87ha,T45657,29,744,303,969,645
1997_49_87ha,T45657,29,743,307,963,643
1997_49_87ha,T45657,29,740,309,960,648
1997_49_87ha,T45657,29,739,315,954,648
1997_49_87ha,T45657,29,736,320,947,647
1997_49_87ha,T45657,29,735,323,941,643
1997_49_87ha,T45657,29,729,318,942,650
1997_49_87ha,T45657,29,728,320,938,648
1997_49_87ha,T45657,29,726,321,936,648
1997_49_87ha,T45657,29,727,336,928,649
1997_49_87ha,T45657,29,725,332,927,650
1997_49_87ha,T45657,29,727,342,920,645
1997_49_87ha,T45657,29,727,346,915,639
1997_49_87ha,T45657,29,722,337,917,642
1997_49_87ha,T45657,29,723,343,915,640
1997_49_87ha,T45657,29,721,343,915,642
1997_49_87ha,T45657,29,720,341,916,642
1997_49_87ha,T45657,29,719,342,914,642
